Product Title,Listing Type (Sponsored/ Organic),Avg. Star Rating,Quantities bought in the last month,Special deal running,MRP of the product,Selling Price,Presence of a Bestseller/Amazon’s Choice Tag,Date of Delivery
MyGlamm POUT by Karan Johar Tinted Plumping Lipstick | Glossy Lipstick for Women With Petal Glow Finish | Buildable Colour & Shine | Moisturising Formula | Pout It Out (Mauve Pink Shade) | 3.5g,N/A,4.3,100+ bought in past month,-20%,,639,N/A,"Tuesday, 14 May"
"RENEE Madness Ph Lipstick 3gm - Black Lipstick With Glossy Pink Payoff - Long Lasting Nourishment, Enriched With Vitamin E & Jojoba Oil - Vegan & Paraben Free",N/A,4.1,4K+ bought in past month,-32%,,338,N/A,"Tuesday, 14 May"
"MyGlamm Manish Malhotra Soiree Creamy Matte Lipstick - 04 Amour (Red Shade) | Long Lasting, Pigmented With SPF 30 & Vitamin E (4.2g)",N/A,4.6,100+ bought in past month,-22%,,623,"Amazon's
Choice","Tuesday, 14 May"
"MyGlamm Manish Malhotra Soiree Liquid Matte Lipstick - 02 Caramel Quest (Brown Shade) | Long Lasting, Transfer-resistant With Vitamin E (7g)",N/A,4.7,N/A,-15%,,679,N/A,"Tuesday, 14 May"
"Just Herbs Ayurvedic Creamy Matte Micro Mini Lipstick Kit Lip Hydrating & Moisturizing, Lipsticks for Women Suitable All Indian Tones (Pack of 16)",N/A,3.8,N/A,-35%,,373,N/A,"Tuesday, 14 May"
"Maybelline New York Matte Lipstick, Intense Colour, Moisturised Lips, Color Sensational Creamy Matte, 695 Divine Wine, 3.9g",N/A,4.1,1K+ bought in past month,-35%,,213,"Amazon's
Choice","Tuesday, 14 May"
Mamaearth Creamy Matte Long Stay Lipstick with Murumuru Butter and Vitamin E for 8-Hour Long Stay (Flakeproof & Non-Drying | Intense Color Payoff) - 4.2g (Rose Nude),N/A,4.2,1K+ bought in past month,-10%,,358,"Amazon's
Choice","Tuesday, 14 May"
"SUGAR Cosmetics Nothing Else Matter Longwear Matte Lipstick | Lasts Up To 8+ Hours| 100% Vegan | 3.2gm - 14 Red Herring (Raspberry Pink, Reddish Pink)",N/A,4.1,100+ bought in past month,-28%,,434,N/A,"Tuesday, 14 May"
"RENEE Fab 5 Nude 5 in 1 Lipstick 7.5gm - Five Shades in One -long Lasting, Matte Finish - Non Drying Formula With Intense Color Payoff - Compact & Easy to Use",N/A,4.1,N/A,-40%,,449,"Amazon's
Choice","Tuesday, 14 May"
"RENEE Madness Ph Lipstick 3gm - Black Lipstick With Glossy Pink Payoff - Long Lasting Nourishment, Enriched With Vitamin E & Jojoba Oil - Vegan & Paraben Free",N/A,4.1,4K+ bought in past month,-32%,,338,N/A,"Tuesday, 14 May"
SUGAR Cosmetics Matte As Hell Crayon Lipstick with Sharpner | Smudgeproof | Lasts Upto 8+ Hrs | 2.5gm - 12 Baby Houseman,N/A,4.2,50+ bought in past month,-25%,,449,N/A,"Tuesday, 14 May"
MyGlamm POUT by Karan Johar Tinted Plumping Lipstick | Glossy Lipstick for Women With Petal Glow Finish | Buildable Colour & Shine | Moisturising Formula | Poutitude (Fuschia Pink Shade) | 3.5g,N/A,4.3,300+ bought in past month,-20%,,639,N/A,"Tuesday, 14 May"
MARS Creamy Matte Long Lasting Lipstick for Women | Creamy Lipstick | Single Swipe Application | Smooth & Light Weight (3.2 gm) (11-Aerial Awe),N/A,3.9,1K+ bought in past month,-15%,,169,N/A,"Tuesday, 14 May"
"Blue Heaven Matte Love Mini Lipsticks, Pack of 10 | Hydrating & Moisturizing Mini Roll on Lipsticks, 13gm",N/A,4.0,2K+ bought in past month,-40%,,239,N/A,"Wednesday, 15 May"
"Swiss Beauty Pure Matte Lipstick | Long Lasting, Hydrating & Lightweight Lipstick | Hot Nude, 3.8gm|",N/A,3.9,900+ bought in past month,-30%,,160,N/A,"Tuesday, 14 May"
"RENNE Very Matte - Pack of 4 Matte Lipsticks | Intense Color Pay Off, Full Coverage Long Lasting Weightless Velvety Formula",N/A,4.0,2K+ bought in past month,-33%,,399,N/A,"Tuesday, 14 May"
"LAKMÉ Cushion Matte Lipstick Burgundy Bloom, Long Lasting Comfortable Velvet Matte Finish - Waterproof, Non Drying Creamy Matte Bullet Lipstick, 4.5G",N/A,3.9,1K+ bought in past month,-55%,,134,N/A,18 - 20 May
"Blue Heaven Hyperstay Weightless Liquid Matte| Lipstick For Women| Mystic Maroon-05, 6 ml",N/A,3.8,500+ bought in past month,-20%,,108,N/A,"Tuesday, 14 May"
"Dazller All Day Lipcolour,6g, DLC025-Hazelnut Cup, Ultra intense matte,Smudge-proof, Non-transfer,Lightweight,up to 8-hr Stay",N/A,4.1,4K+ bought in past month,-7%,,186,"Amazon's
Choice","Wednesday, 15 May"
"Elle18 Lakmé Elle18 Color Pop Matte Lip Color, P24, Pink Show, 4.3 G",N/A,3.8,500+ bought in past month,-10%,,90,N/A,"Tuesday, 14 May"
"LAKMÉ Forever Matte Liquid Lip Colour, Nude Dream, Long Lasting Liquid Lipstick, Lightweight & Comfortable - Smudge Proof, Non Transferable, 5.6 Ml",N/A,4.1,2K+ bought in past month,-35%,,191,N/A,"Tuesday, 14 May"
"Maybelline New York Lipstick, Matte Finish, Non-Sticky and Non-Drying, Sensational Liquid Matte, 21 Nude Nuance, 7ml",N/A,4.0,N/A,-26%,,259,N/A,"Tuesday, 14 May"
MARS Long Lasting Crayon Lipstick up to 12 Hours Stay | Matte Finish | Waterproof | Won't Smudge Won't Budge Lip Crayon (3.5 gm) 10-Girl Power,N/A,4.0,2K+ bought in past month,-4%,,219,N/A,"Tuesday, 14 May"
"NANCY AJRAM X HANDAIYAN Lipstick Set of 12 Matte Velvet Mini Liquid Lipstick Set for Women - Long Lasting, Waterproof Lip Gloss Combo",N/A,4.2,700+ bought in past month,-54%,,599,N/A,"Tuesday, 14 May"
KA CAYLA Handaiyan Liquid Lipstick Set - 6Pcs Liquid Matte Nude Lipsticks For Women Velvet Waterproof Makeup Kit Mini Lipstick Palette Non-Stick Liquid Lipstick Combo Pack,N/A,4.0,N/A,-75%,,499,N/A,"Tuesday, 14 May"
Mamaearth Soft Matte Long Stay Lipsticks with Jojoba Oil & Vitamin E for 12 Hour Long Stay - 07 Ruby Red - 3.5 g,N/A,3.9,400+ bought in past month,-12%,,350,N/A,"Tuesday, 14 May"
SUGAR Cosmetics Matte As Hell Crayon Lipstick with Sharpner | Smudgeproof | Lasts Upto 8+ Hrs | 2.5gm - 07 Viola,N/A,3.7,50+ bought in past month,-25%,,449,N/A,"Tuesday, 14 May"
"RENEE Fab 5 Nude 5 in 1 Lipstick 7.5gm - Five Shades in One -long Lasting, Matte Finish - Non Drying Formula With Intense Color Payoff - Compact & Easy to Use",N/A,4.1,N/A,-40%,,449,"Amazon's
Choice","Tuesday, 14 May"
Sugar Cosmetics - Nothing Else Matter - Long wear Matte Lipstick - 31 Simmer Brown (Milk Chocolate Brown/Almond Brown) - 3.2g,N/A,4.1,N/A,-16%,,503,"Amazon's
Choice","Tuesday, 14 May"
STARSTRUCK BY SUNNY LEONE Intense Matte Lipstick | Richly Pigmented | Brown Lipstick | Toffee,N/A,3.7,N/A,-25%,,599,N/A,"Tuesday, 14 May"
"Lakme 9 To 5 Primer + Matte Lipstick, Matte Finish, Lightweight Lipstick, Lasts For 16Hrs, Nourishes Lips & Great For Daily Use, Burgundy Passion, 3.6g",N/A,3.9,500+ bought in past month,-52%,,239,N/A,"Tuesday, 14 May"
MARS Matte Box Set of 3 Lipsticks for Women | Long-Lasting | Smooth Finish | Moisturising | One Swipe Pigmentation | (3x3.2 gm) (02-Peaches & Nudes),N/A,4.0,2K+ bought in past month,-22%,,349,N/A,"Tuesday, 14 May"
"Blue Heaven Intense Matte Lipstick, Plum Desire, 310, 4 gm",N/A,3.7,300+ bought in past month,-15%,,85,N/A,"Tuesday, 14 May"
"Swiss Beauty Stain Matte Lipstick | Long Lasting, Hydrating & Lightweight Lipstick | Burgandy, 3.4gm|",N/A,3.8,50+ bought in past month,-30%,,174,N/A,"Tuesday, 14 May"
"FACES CANADA Weightless Creme Finish Lipstick - Sweet Mocha (Brown), 4g | Creamy Finish | Smooth Texture | Long Lasting Rich Color | Hydrated Lips | Vitamin E, Jojoba Oil, Shea Butter, Almond Oil",N/A,3.9,400+ bought in past month,-39%,,182,N/A,"Tuesday, 14 May"
"Insight Non Transfer Lip Color |Matte Texture|12Hrs Waterproof|True Color|Smudge Proof |Paraben Free |100% Veg |Longwear, 4ml(LG40-14)",N/A,3.9,200+ bought in past month,-10%,,89,N/A,"Tuesday, 14 May"
Blue Heaven Powder Matte Lipstick Mocha Madness,N/A,3.9,200+ bought in past month,-31%,,124,N/A,"Tuesday, 14 May"
"RENEE Madness Ph Lipstick 3gm - Black Lipstick With Glossy Pink Payoff - Long Lasting Nourishment, Enriched With Vitamin E & Jojoba Oil - Vegan & Paraben Free",N/A,4.1,4K+ bought in past month,-32%,,338,N/A,"Tuesday, 14 May"
"Maybelline New York Liquid Matte Lipstick, Long Lasting, 16hr Wear, Superstay Matte Ink, 230 Transformer, 5ml",N/A,4.2,N/A,-36%,,419,"Amazon's
Choice","Tuesday, 14 May"
"MILAP Matte Stick Lipstick, Long lasting lipsticks, Lipstick for Women, Lipstick pack of 1, Electric Orchid",N/A,4.0,50+ bought in past month,-34%,,85,"Amazon's
Choice","Tuesday, 14 May"
"Just Herbs Ayurvedic Liquid Lipstick Matte Finish Kit Set of 5 with Long Lasting, Hydrating & Lightweight Lip Colour, Nudes & Browns - Paraben & Silicon Free - 5 ml",N/A,3.9,900+ bought in past month,-40%,,447,N/A,"Tuesday, 14 May"
Moisture Matte Longstay Lipstick with Avocado Oil & Vitamin E for 12 Hour Long Stay-01 Carnation Nude - 2 g,N/A,4.0,1K+ bought in past month,-12%,,438,N/A,
Elle18 Liquid Matte Lip Color|| Pink Blossom|| 5.6Ml,N/A,3.8,200+ bought in past month,-10%,,108,N/A,"Tuesday, 14 May"
"Maybelline New York Lipstick, Matte Finish, Bold Colour, Enriched With Jojoba Oil, Color Sensational Ultimattes, 599 More Mauve, 1.7 g",N/A,4.1,400+ bought in past month,-8%,,549,N/A,"Tuesday, 14 May"
"MyGlamm POPxo Makeup Collection - Power Trip Mini Lip Kit Lipstick, Cream Finish| Paraben-Free | Long Lasting Formula Cream | 2-in-1 combo | 2.5g*2",N/A,3.9,600+ bought in past month,-60%,,139,N/A,"Thursday, 16 May"
SUGAR POP 4 in 1 Lip Twist - 01 Classic | Multi-use Stackable Lipsticks for Women | Satin Matte Hydrating Formula | 6.4g,N/A,4.3,500+ bought in past month,-25%,,374,"Amazon's
Choice","Tuesday, 14 May"
Plum Matte In Heaven Liquid Lipstick Trial Pack | Upto 12 Uses | Cocoa Mocha - 130 (Chocolate Brown),N/A,3.8,1K+ bought in past month,-16%,,83,N/A,"Tuesday, 14 May"
"SUGAR Cosmetics - Smudge Me Not - Mini Liquid Lipstick - 09 Suave Mauve - (Mini 1.1ml) - Ultra Matte, Transferproof and Waterproof, Lasts Up to 12 hours",N/A,3.6,200+ bought in past month,-16%,,209,N/A,"Tuesday, 14 May"
"RENEE Fab 5 Nude 5 in 1 Lipstick 7.5gm - Five Shades in One -long Lasting, Matte Finish - Non Drying Formula With Intense Color Payoff - Compact & Easy to Use",N/A,4.1,N/A,-40%,,449,"Amazon's
Choice","Tuesday, 14 May"
"RENEE Stay With Me Mini Matte Lip Color, Long Lasting, Non Transfer, Water & Smudge Proof, Light Weight Liquid Lipstick, Desire for Brown 2ml",N/A,4.0,500+ bought in past month,-15%,,169,N/A,"Tuesday, 14 May"
LAKMÉ Natural Lip Love Lip & Cheek Tint Pretty Pink,N/A,4.0,600+ bought in past month,-30%,,227,N/A,"Tuesday, 14 May"
MARS Matte Liquid Lip Color | Long Lasting | Non-Transfer & Waterproof Lipstick for Women (4.5 ml) (09-Heart Thief),N/A,3.6,300+ bought in past month,-28%,,179,N/A,"Tuesday, 14 May"
"Swiss Beauty Non-Transfer Waterproof Lipstick with Jojoba Seed Oil | Matte Finish | Long-Lasting | Highly Pigmented | Shade- Royal Maroon, 3gm",N/A,4.0,100+ bought in past month,-30%,,279,N/A,"Tuesday, 14 May"
Lakmé 9to5 Primer + Matte Liquid Lip Color MP3 Dusty Rose,N/A,3.2,200+ bought in past month,-60%,,199,N/A,"Tuesday, 14 May"
"Lakmé Forever Matte Liquid Lip Colour, Nude Twist, 5.6 ml",N/A,4.1,1K+ bought in past month,-39%,,179,N/A,"Tuesday, 14 May"
Elle18 Lipstick Maroon Silk (Matte),N/A,3.7,100+ bought in past month,N/A,,90,N/A,"Tuesday, 14 May"
SUGAR Cosmetics Matte Attack Lipstick for Women | Transferproof & Smudgeproof | Lasts upto 12hrs | Enriched With Jojoba Oil | 2gm - The Grandberries,N/A,3.9,200+ bought in past month,-16%,,629,N/A,"Tuesday, 14 May"
"Biotique Natural Makeup Magicolor Lipstick, Winter Kiss",N/A,3.7,100+ bought in past month,-30%,,88,N/A,
"HUDACRUSH Beauty Set of 4 Liquid Matte Mini Lipsticks, Red Edition - Long Lasting & Waterproof Lipstick Combo Pack Of Red, Deep Red, Wine & Pink Shades for Women",N/A,3.4,500+ bought in past month,-61%,,195,N/A,"Tuesday, 14 May"
"Just Herbs Matte Lipstick, Hydrating Nourishing and Liquid Waterproof Long Stay Relaxed Matte Bullet Lipsticks for Women 4.2 gm",N/A,4.2,50+ bought in past month,-10%,,399,N/A,"Tuesday, 14 May"
Nourish Mantra’s Muted Magic Matte Liquid Lipstick with SPF/Mini Lipstick/Water Proof/Smudge Proof/Transfer Proof/Long Lasting/Suits All Skin Tones/Lipstick Set of - 4 (1.2ml Each).,N/A,4.8,200+ bought in past month,-39%,,549,N/A,"Tuesday, 14 May"
"Blue Heaven Velvet Creme Lipstick, Bold Red, 3.5gm",N/A,3.7,50+ bought in past month,N/A,,165,N/A,"Tuesday, 14 May"
"LoveChild Masaba Game On! - Ups & Downs - Mad Matte Liquid Lipstick, Rose Nude Velvet Smooth, Non-Sticky, Moisturised Lips, Lipsticks For All Skin Tones, 5Ml",N/A,4.2,N/A,-10%,,810,N/A,"Tuesday, 14 May"
"Maybelline Liquid Lipstick, High Shine Gloss, Lasts for 16 HRs, Enriched With Vitamin E & Aloe, SuperStay Vinyl Ink, Saucy, High-Glossy",N/A,4.1,400+ bought in past month,-35%,,551,N/A,"Tuesday, 14 May"
"Jaquline USA Matte Amour Matte Lipstick Lightweight, Long-wear Lipsticks |Matte Finish, High Coverage,Highly Pigmented, Cruelty Free,Paraben Free,Vegan (3.5g Obsession 02)",N/A,4.1,N/A,-40%,,419,N/A,"Wednesday, 15 May"
"Maybelline New York Liquid Matte Lipstick, Long Lasting, 16hr Wear, Superstay Matte Ink, 135 Globe Trotter, 5ml",N/A,4.2,200+ bought in past month,-35%,,454,"Amazon's
Choice","Tuesday, 14 May"
"RENEE Fab 5 Nude 5 in 1 Lipstick 7.5gm - Five Shades in One -long Lasting, Matte Finish - Non Drying Formula With Intense Color Payoff - Compact & Easy to Use",N/A,4.1,N/A,-40%,,449,"Amazon's
Choice","Tuesday, 14 May"
"RENEE Madness Ph Lipstick 3gm - Black Lipstick With Glossy Pink Payoff - Long Lasting Nourishment, Enriched With Vitamin E & Jojoba Oil - Vegan & Paraben Free",N/A,4.1,4K+ bought in past month,-32%,,338,N/A,"Tuesday, 14 May"
"RENEE Stay With Me Mini Matte Lip Color Juicy Berries 2ml Each| Long Lasting, Light Weight & Non Transfer Formula| Water & Smudge Proof",N/A,4.0,400+ bought in past month,-36%,,449,N/A,"Tuesday, 14 May"
"LoveChild Masaba - Barfee - Luxe Matte Lipstick Hydrating & Nourishing, Long lasting, Chocolate Brown Bullet Matte Lipstick, 4ML",N/A,4.2,100+ bought in past month,-25%,,450,N/A,"Friday, 17 May"
"Jaquline USA Matte Amour Matte Lipstick Lightweight, Long-wear Lipsticks |Matte Finish, High Coverage,Highly Pigmented, Cruelty Free,Paraben Free,Vegan (3.5g Self Love 10)",N/A,4.1,N/A,-40%,,419,N/A,"Tuesday, 14 May"
"Love Beauty & Planet Argan Oil and Lavender Natural Shampoo for Dry & Frizzy hair|No Sulfates,No Paraben|400ml",N/A,4.1,6K+ bought in past month,-8%,,599,N/A,22 - 23 May
Botanic Hearth Jojoba & Hyaluronic Acid Shampoo with 100% Pure Jojoba Oil & Aloe Extracts|Hydrates Hair & Adds Shine | For Dry & Dehydrated Hair | Shampoo for Women and Men | Sulphate & Paraben Free | 245ml,N/A,4.0,200+ bought in past month,-15%,,275,"Amazon's
Choice","Thursday, 16 May"
The Moms Co. Natural Protein Hair Strengthening Shampoo for Women & Men| With Hydrolyzed Silk & Wheat Proteins |Shampoo for Dry and Frizzy Hair | Shampoo for Hair fall control-200 ml,N/A,3.8,1K+ bought in past month,-33%,,287,N/A,
Matrix Opti.Care Professional Shampoo and Conditioner Combo for Salon Smooth Straight Hair | Control Frizzy Hair for up to 4 Days | With Shea Butter | No Added Parabens (350 ml + 196 g),N/A,4.4,N/A,N/A,,,"Amazon's
Choice","Tuesday, 14 May"
"Tresemme Keratin Smooth, Shampoo, 1L, for Straighter, Shinier Hair, with Keratin & Argan Oil, Nourishes Dry Hair, Controls Frizz , for Men & Women",N/A,4.3,10K+ bought in past month,-46%,,560,N/A,"Tuesday, 14 May"
"Dabur Vatika Health Shampoo - 640ml | With 7 natural ingredients | For Smooth, Shiny & Nourished Hair | Repairs Hair damage, Controls Frizz | For All Hair Types | Goodness of Henna & Amla",N/A,4.2,3K+ bought in past month,-56%,,239,"Amazon's
Choice","Tuesday, 14 May"
"L'Oreal Paris Moisture Filling Shampoo, With Hyaluronic Acid, For Dry & Dehydrated Hair, Adds Shine & Bounce, Hyaluron Moisture 72H, 180ml",N/A,4.2,10K+ bought in past month,-6%,,197,N/A,
Botanic Hearth Jojoba & Hyaluronic Acid Shampoo with 100% Pure Jojoba Oil & Aloe Extracts|Hydrates Hair & Adds Shine | For Dry & Dehydrated Hair | Shampoo for Women and Men | Sulphate & Paraben Free | 245ml,N/A,4.0,200+ bought in past month,-15%,,275,"Amazon's
Choice","Thursday, 16 May"
"Nyle Naturals Dryness Hydration Shampoo| For Dry & Frizz Free Hair | With Tulsi, Amla and Aloe Vera|Gentle & Soft Shampoo | For Men & Women | 800ml",N/A,4.1,1K+ bought in past month,-39%,,271,N/A,"Tuesday, 14 May"
"Nyle Naturals Damage Repair Shampoo 800 ml | Hair Repairing Shampoo with Papaya, Hibiscus, & Shikakai | pH Balanced & Paraben Free Gentle & Soft Shampoo For Women & Men",N/A,4.1,1K+ bought in past month,-29%,,317,N/A,"Monday, 20 May"
"Nyle Naturals Anti-Hairfall Shampoo | For Hairfall Control | With Coconut Milk, Badam and Amla |Gentle & Soft Shampoo For Men & Women |800ml",N/A,4.0,N/A,-29%,,317,N/A,
"Dove Daily Shine, Shampoo, 1L, for Damaged or Frizzy Hair, Makes Hair Soft, Shiny And Smooth, Mild Daily Shampoo, for Men & Women",N/A,4.3,9K+ bought in past month,-45%,,514,N/A,
"L'Oreal Paris Shampoo, Nourishes, Repair & Shine, For Long and Lifeless Hair, Dream Lengths, 180ml",N/A,4.2,3K+ bought in past month,-20%,,168,"Amazon's
Choice","Tuesday, 14 May"
"L'Oreal Paris Shampoo, For Damaged and Weak Hair, With Pro-Keratin + Ceramide, Total Repair 5, 1ltr",N/A,4.2,10K+ bought in past month,-57%,,474,N/A,
"Kesh King Ayurvedic Anti Hairfall Shampoo Reduces Hairfall, 21 Natural Ingredients With The Goodness Of Aloe Vera, Bhringraja And Amla For Silky, Shiney, Smooth Hair, 1000Ml",N/A,4.1,3K+ bought in past month,-55%,,339,N/A,"Wednesday, 15 May"
Dabur Vatika Ayurvedic Shampoo - 640ml | Damage Therapy | With Power of 10 ingredients for solving 10 hair problems| No Parabens | For all hair types,N/A,4.1,2K+ bought in past month,-56%,,230,N/A,
Dove Hair Fall Rescue Shampoo 1 L|| For Damaged Hair|| Hair Fall Control for Thicker Hair - Mild Daily Anti Hair Fall Shampoo for Men & Women,N/A,4.3,N/A,-49%,,514,N/A,
"WILDLY PURE Natural Volumizing Shampoo for Thin Hair|70% increase in Volume & Bounce |Plant Keratin Soy, Corn & Wheat Protein, Pro Vitamin B5|Mild Shampoo for Daily Use|Sulfate & Paraben Free|Men & Women|300ML[Lush]",N/A,4.1,50+ bought in past month,-26%,,625,N/A,
"Dove Intense Repair Shampoo 1 L, Repairs Dry and Damaged Hair, Strengthening Shampoo for Smooth & Strong Hair - Mild Daily Shampoo for Men & Women",N/A,4.3,6K+ bought in past month,-49%,,513,N/A,
"L'Oreal Paris Extraordinary Oil Nourishing Shampoo For Dry & Dull Hair, 180ml",N/A,4.2,4K+ bought in past month,-20%,,168,"Amazon's
Choice",
"Indulekha Bringha, Shampoo, 200ml, for Hair Fall Control, with Bringharaj Extracts, Amla, Shikakai, Paraben-Free, for Men & Women",N/A,4.2,3K+ bought in past month,-10%,,218,"Amazon's
Choice","Tuesday, 14 May"
"Plum Coconut Shampoo for Dull Hair with Coconut Milk and Peptides for Strong & Shiny Hair I 22x shine I Soft, silky hair I Shampoo for Women and Men | 250ml",N/A,4.1,N/A,-18%,,286,"Amazon's
Choice",
"Khadi Natural Amla & Bhringraj Shampoo/Cleanser for Controlling Dandruff & Hair fall | Shampoo for Reducing Scalp Irritation | Paraben & Sulphate-Free | Suitable for All Hair Types, 210ml",N/A,4.0,9K+ bought in past month,-44%,,168,N/A,"Tuesday, 14 May"
"L'OREAL PROFESSIONNEL PARIS Absolut Repair Shampoo For Damaged & Weakend Hair, 300ML |Professional Hair Repairing Shampoo|Hair Strengthening Shampoo",N/A,4.3,10K+ bought in past month,-10%,,711,N/A,
"Plum Hibiscus & Ceramides Shampoo | For Silky, Smooth, Long Hair & Split End Repair | Shampoo for Women and Men | 75ml",N/A,3.8,400+ bought in past month,-5%,,141,N/A,
"Biotique Green Apple Shine & Gloss Shampoo & Conditioner| Promotes Healthy, Shiny and Glossy Hair | Nourishes Scalp | Makes Hair Soft & Smooth |100% Botanical Extracts| All Skin Types | 650ml",N/A,4.1,2K+ bought in past month,-40%,,312,N/A,
"WOW Skin Science Onion Oil Shampoo with Red Onion Seed Oil Extract, Black Seed Oil & Pro-Vitamin B5 | Controls Hair fall | Helps Strengthen Hair | No Sulphate No Paraben | For Men & Women - 1ltr",N/A,3.9,3K+ bought in past month,-51%,,494,N/A,
Mamaearth Onion Shampoo for Anti Hair Fall & Hair Growth with Onion Oil & Plant Keratin 400ml,N/A,4.0,3K+ bought in past month,-22%,,438,N/A,
SESA Ayurvedic Medicinal Shampoo - Hair Fall Control in 15 days - Bhringraj & 16 Herbs - NO Parabens - 500 ml,N/A,3.9,700+ bought in past month,-31%,,271,N/A,"Tuesday, 14 May"
"Love Beauty & Planet Argan Oil and Lavender Natural Shampoo for Dry & Frizzy hair|No Sulfates,No Paraben|200ml",N/A,4.1,5K+ bought in past month,-7%,,325,N/A,22 - 23 May
"Herbal Essences Moroccan Argan Oil Shampoo For Frizz Free, Soft Hair. With Argan Oil For Hair. Paraben Free , 400 Ml",N/A,4.1,6K+ bought in past month,-38%,,408,N/A,
Clinic Plus Strong & Long Shampoo 1 L|| With Milk Proteins & Multivitamins for Healthy and Long Hair - Strengthening Shampoo for Hair Growth,N/A,4.3,5K+ bought in past month,-41%,,453,N/A,
Biotique Ocean Kelp Anti Hairfall Shampoo | Intensive Hair Growth Therapy| Anti Hairfall Shampoo that Maintains Shine |100% Botanical Extracts | Suitable for All Hair Types |650ml,N/A,4.0,3K+ bought in past month,-36%,,331,N/A,
"Pantene Hair Science Silky Smooth Shampoo 650ml with Pro-Vitamins & Vitamin E for hydrated, frizz free hair,for all hair types, shampoo for women & men, shampoo for frizzy and dry hair",N/A,4.3,1K+ bought in past month,-38%,,399,N/A,
Tresemme Hair Fall Defence Shampoo 1 Ltr,N/A,4.3,8K+ bought in past month,-47%,,551,N/A,
"VLCC Nourishing & Silky Shine Shampoo - B1G1 - 350ml X 2 (700ml) | Stronger, Silkier Hair | Helps Prevent Frizzy Hair, Easy to Manage Hair Shampoo | Soy Proteins and Almond Shampoo.",N/A,4.0,700+ bought in past month,-30%,,239,N/A,
"Dr Batra's® PRO+ Daily Care Shampoo with Keratin Protien Daily Care Shampoo (350ml, Pack of 1)",N/A,3.9,400+ bought in past month,-72%,,165,N/A,"Tuesday, 14 May"
Sunsilk Lusciously Thick & Long Shampoo 1 L|| With Keratin|| Yoghut Protein and Macadamia Oil - Thickening Shampoo for Fuller Hair,N/A,4.3,N/A,-45%,,489,N/A,
Matrix Opti.Care Professional Shampoo for Salon Smooth Straight Hair,N/A,4.2,9K+ bought in past month,,,335,"Amazon's
Choice",
Schwarzkopf Professional Spa Essence Nourishing Shampoo | 1000 Ml,N/A,4.1,1K+ bought in past month,-25%,,825,"Amazon's
Choice",
"Mamaearth Hibiscus Damage Repair Shampoo With Hibiscus & Curry Leaves for Strong & Nourished Hair - 250ml | For Dry & Frizzy Hair | For Smoother, Shinier Hair | Suitable For All Hair Types",N/A,4.2,1K+ bought in past month,-10%,,313,N/A,
BBLUNT Intense Moisture Shampoo with Jojoba and Vitamin E for Dry & Frizzy Hair - 300 ml,N/A,3.9,2K+ bought in past month,-15%,,339,N/A,"Tuesday, 14 May"
Bare Anatomy Ultra Smoothing Shampoo for Dry and Frizzy Hair | Restores Smoothing & Texture by 27% | Powered By Carbohydrate Complex & Niacinamide | SLS & Paraben Free | Vegan | For Men & Women -250ml,N/A,4.1,2K+ bought in past month,-33%,,399,"Amazon's
Choice",
"L'Oreal Paris Anti-Hair Fall Shampoo, Reinforcing & Nourishing for Hair Growth, For Thinning & Hair Loss, With Arginine Essence and Salicylic Acid, Fall Resist 3X, 180 ml",N/A,4.2,1K+ bought in past month,-9%,,181,N/A,"Tuesday, 14 May"
"Sunsilk Hairfall Shampoo with Onion & Jojoba Oil, that works best to nourish your long hair, and makes it grow stronger from the first wash, 195ml",N/A,4.1,N/A,-1%,,153,"Amazon's
Choice","Tuesday, 14 May"
Sebamed Anti- Hairloss Shampoo 200Ml|Ph 5.5|Reduces Hairloss|Caffeine&Gingko Biloba|All Hair Types,N/A,4.1,5K+ bought in past month,-46%,,351,"Amazon's
Choice","Tuesday, 14 May"
"Bare Anatomy Anti Hair Fall Shampoo|5x Hair Fall Control & Growth|Contains Biotin Adenosine, & Peptides| For All Hair Types | For Women & Men | 250ml",N/A,4.0,2K+ bought in past month,-32%,,369,"Amazon's
Choice",
"Love Beauty & Planet Onion, Black Seed & Patchouli Hairfall Control Natural Shampoo|No Sulfates,No Paraben|400ml",N/A,4.1,4K+ bought in past month,N/A,,650,N/A,
"Bajaj Almond Drops Anti Hairfall Shampoo with Almond Oil & Vitamin E | For 10X Hairfall Reduction* & Soft, Shiny Hair* | Paraben Free | Ideal for Men and Women - 340ML",N/A,4.2,1K+ bought in past month,-45%,,170,"Amazon's
Choice","Tuesday, 14 May"
"Himalaya Gentle Daily Care Natural Protein Shampoo, Gently cleanses & strengthens, With Chickpea, Licorice & Amla, For Women & Men, 340 ml",N/A,4.2,2K+ bought in past month,,,230,N/A,
"Plum Hibiscus & Ceramides Shampoo | For Silky, Smooth, Long Hair & Split End Repair | Shampoo for Women and Men | 250ml",N/A,3.8,1K+ bought in past month,-18%,,286,N/A,
Arata 6-in-1 Super Shampoo | Prevents Hair loss | Restores pH Balance | Boosts Hair Thickness | Reduces Breakage | Fights Microbial Infections | Adds Shine | Shampoo For Women & Men | 300 ml,N/A,4.2,4K+ bought in past month,-37%,,566,N/A,
"Head & Shoulders Smooth and Silky, Anti Dandruff Shampoo for Women & Men , 1 L",N/A,4.4,3K+ bought in past month,-27%,,649,N/A,
Park Avenue Beer shampoo for Shiny & Bouncy Hair (650ml) | Paraben Free | For Dull & Lifeless Hair | Crafted with Natural Beer,N/A,4.2,2K+ bought in past month,-47%,,292,"Amazon's
Choice",
"Pantene Hair Science Hairfall Control Shampoo 1Litre with Pro-Vitamins & Vitamin B for reduced hairfall,for all hair types, shampoo for women & men, for hairfall and damage prone hair",N/A,4.3,N/A,-40%,,537,N/A,
"Khadi Mauri Herbal Rosemary & Hibiscus Protein Shampoo | Anti Hairfall Shampoo, Upto 96% Healthier, Silkier Hair | Sles & Paraben Free | For all Hair Types, Men & Women | 210 ML",N/A,4.9,N/A,-56%,,177,"Amazon's
Choice","Wednesday, 15 May"
"Dabur Vatika Health Shampoo - 1L (Refill Pouch) | With 7 natural ingredients | For Smooth, Shiny & Nourished Hair | Repairs Hair damage, Controls Frizz | For All Hair Types | Goodness of Henna & Amla",N/A,4.2,2K+ bought in past month,-52%,,259,N/A,"Wednesday, 15 May"
"Biotique Green Apple Shine & Gloss Shampoo & Conditioner| Promotes Healthy, Shiny and Glossy Hair | Nourishes Scalp | Makes Hair Soft & Smooth |100% Botanical Extracts| All Skin Types | 650ml",N/A,4.1,2K+ bought in past month,-40%,,312,N/A,
"Biolage Smoothproof Shampoo For Frizzy Hair | Cleanses, Smooths & Controls Frizz | With Camellia Flower | Natural & Vegan (200 ml)",N/A,4.2,N/A,,,225,"Amazon's
Choice",
"Head & Shoulders, Anti-Hairfall, Anti-Dandruff Shampoo for Women & Men , 650ml",N/A,4.3,500+ bought in past month,-31%,,638,N/A,"Tuesday, 14 May"
Mamaearth Rosemary Anti Hair Fall Shampoo with Rosemary & Methi Dana for Reducing Hair Loss & Breakage- 250 ml | Up to 94% Stronger Hair* | Up to 93% Less Hair Fall | For Men and Women,N/A,3.9,1K+ bought in past month,-12%,,306,N/A,"Tuesday, 14 May"
"Biotique Fresh Neem Anti Dandruff Shampoo and Conditioner | Controls Dandruff | Eliminates Dryness, Flaking, and Itching | Hair Looks Fresh and Lustrous |Suitable for All Skin Types | 180ml",N/A,4.1,N/A,-24%,,129,"Amazon's
Choice",
"St.Botanica Anti-Dandruff Pre-biotic Shampoo 200ml for Men and Women with PreBioFix Complex to Reduce Visible Flakes, Soothe Itchy Scalp & Hydrate | No Parabens | Cruelty Free & Vegan | No Sulphates",N/A,3.7,N/A,-20%,,279,N/A,
BBLUNT Chocolate Dark Brown 5 Minute Shampoo Hair Colour for 100% Grey Coverage - 20ml X 5,N/A,3.9,2K+ bought in past month,-11%,,265,N/A,"Wednesday, 15 May"
Biotique Ocean Kelp Anti Hairfall Shampoo | Intensive Hair Growth Therapy| Anti Hairfall Shampoo that Maintains Shine |100% Botanical Extracts | Suitable for All Hair Types |650ml,N/A,4.0,3K+ bought in past month,-36%,,331,N/A,
Mamaearth Onion Shampoo for Anti Hair Fall & Hair Growth with Onion Oil & Plant Keratin 400ml,N/A,4.0,3K+ bought in past month,-22%,,438,N/A,
"Dabur Vatika Health Shampoo - 1L | With 7 natural ingredients | For Smooth, Shiny & Nourished Hair | Repairs Hair damage, Controls Frizz | For All Hair Types | Goodness of Henna & Amla",N/A,4.2,1K+ bought in past month,-41%,,411,"Amazon's
Choice",
"Meera Anti Dandruff Shampoo, With Goodness Of Small Onion and Fenugreek, Fights dandruff, For Men And Women,Paraben Free, 650ml",N/A,4.3,300+ bought in past month,-18%,,576,N/A,"Wednesday, 15 May"
"Meera Strong and Healthy Shampoo, With Goodness of Kunkudukai & Badam,Gives Soft & Smooth Hair, For Men and Women,Paraben Free, 1L",N/A,4.2,300+ bought in past month,-24%,,649,N/A,"Wednesday, 15 May"
Mamaearth Rice Face Wash With Rice Water & Niacinamide For Glass Skin - 100 Ml,N/A,4.1,N/A,-17%,,215,"Amazon's
Choice","Tuesday, 14 May"
Neutrogena Deep Clean Foaming Cleanser- Advanced Face Wash | Men & Women | Normal to Oily Skin | Gentle Formula | 8% Amino Micellar | Skin pH Friendly | Removes 99% Dirt | Daily Cleansing | 100g,N/A,4.3,N/A,-15%,,293,N/A,"Tuesday, 14 May"
LAKMÉ 9To5 Vitamin C Facewash With Microcrystalline Beads For Refreshed & Glowing Skin 100 g,N/A,4.1,2K+ bought in past month,-40%,,149,N/A,
"Garnier Skin Naturals Bright Complete Vitamin C Face Wash - Vitamin C Face Wash For Brighter and Glowing Skin - Daily Cleanser Suitable For all Skin Types, 150g",N/A,4.2,5K+ bought in past month,-22%,,233,N/A,
Everyuth Brightening Lemon Cherry Face Wash 150 gm (Pack of 2),N/A,4.1,3K+ bought in past month,-62%,,157,"Amazon's
Choice","Tuesday, 14 May"
"Himalaya Purifying Neem Face Wash, 400 ml",N/A,4.3,10K+ bought in past month,-20%,,301,N/A,"Tuesday, 14 May"
"Cetaphil Face Wash Gentle Skin Cleanser for Dry to Normal, Sensitive Skin, 125 ml Hydrating Face Wash with Niacinamide, Vitamin B5",N/A,4.3,50K+ bought in past month,-14%,,343,N/A,"Tuesday, 14 May"
Mamaearth Rice Face Wash With Rice Water & Niacinamide For Glass Skin - 100 Ml,N/A,4.1,N/A,-17%,,215,"Amazon's
Choice","Tuesday, 14 May"
Neutrogena Deep Clean Gentle Facial Cleanser | 2x Glycerin & Cleansing Agent | Alcohol-Free | Dermatologist Tested | Normal to Oily Skin | For Men and Women | 200ml,N/A,4.3,3K+ bought in past month,-15%,,446,N/A,"Tuesday, 14 May"
Lakme Glycolic Illuminate Facewash with Glycolic Acid | Glycolic Acid Face Wash for Exfoliating Dull Skin | Gentle Cleanser for Glowing Skin 100gm,N/A,4.2,400+ bought in past month,-20%,,263,"Amazon's
Choice",
LAKMÉ 9To5 Vitamin C Facewash With Microcrystalline Beads For Refreshed & Glowing Skin 100 g,N/A,4.1,2K+ bought in past month,-40%,,149,N/A,
"POND's Pure Detox, Facewash, 200G, For Fresh, Glowing Skin, With Activated Charcoal, Daily Exfoliating & Brightening Cleanser, Pollution Clear Face Wash",N/A,4.4,5K+ bought in past month,-38%,,338,N/A,"Wednesday, 15 May"
Biotique Fruit Brightening Face Wash| Ayurvedic and Organically Pure| Advanced Swiss Technology |100% Botanical Extracts| Suitable for All Skin Types | 200mL,N/A,4.1,8K+ bought in past month,-34%,,159,N/A,
Biotique Papaya Deep Cleanse Face Wash | Gentle Exfoliation | Visibly Glowing Skin | 100% Botanical Extracts| Suitable for All Skin Types | 2x100ml,N/A,4.1,10K+ bought in past month,-44%,,140,"Amazon's
Choice",
Simple Kind To Skin Refreshing Facial Wash 150 ml | 100% Soap-Free Facewash that doesn't dry out your skin| For All Skin Types,N/A,4.3,20K+ bought in past month,-30%,,269,"Amazon's
Choice","Tuesday, 14 May"
"Himalaya Moisturizing Aloe Vera Face Wash, 200ml",N/A,4.1,5K+ bought in past month,-12%,,167,"Amazon's
Choice",
The Derma Co 2% Salicylic Acid and 2% Niacinamide Sali-Cinamide Anti-Acne Face Wash - 80ml,N/A,4.1,10K+ bought in past month,-10%,,223,"Amazon's
Choice",
"DOT & KEY Vitamin C + E Super Bright Gel Face Wash For Glowing And Brightening Skin | All Skin Types|With Triple Vitamin C,Fades Dark Spots & Pigmentation | Face Wash For Women & Men|100 Ml",N/A,4.1,4K+ bought in past month,-15%,,211,N/A,
"NIVEA MEN Dark Spot Reduction Face Wash 100 g (Pack of 3)| With Ginko and Ginseng Extracts for Clean, Healthy & Clear Skin | 10 X Vitamin C Effect for Radiant Skin |For Dark Spot Reduction",N/A,4.2,1K+ bought in past month,-52%,,359,N/A,"Friday, 17 May"
"Himalaya Oil Clear Lemon Face Wash, 200ml",N/A,4.1,3K+ bought in past month,-38%,,144,"Amazon's
Choice",
"VLCC Mulberry & Rose Facewash - 150ml X 2 | Buy One Get One (300ml) | For Visible Glow and Fairness | With Rose, Mulberry, Orange & Lemon Peel Extract.",N/A,4.0,3K+ bought in past month,-29%,,159,"Amazon's
Choice",
"DOT & KEY Barrier Repair + Hydrating Gentle Face Wash With Probiotic|Ceremide Face Wash|Face Wash For Dry Skin,Normal Skin&Sensitive Skin|Gently Cleanses Skin From Dirt&Oil For Unisex,100Ml",N/A,4.3,8K+ bought in past month,-15%,,211,N/A,
"Himalaya Tan Removal Orange Face Wash, 100ml",N/A,4.2,N/A,,,130,"Amazon's
Choice",
Himalaya Dark Spot Clearing Turmeric Face Wash | Reduce dark spots in 7 days | Organically sourced & Cold-pressed turmeric | 100ml,N/A,4.0,3K+ bought in past month,-22%,,140,N/A,"Wednesday, 15 May"
"POND's Pure Detox, Facewash, 200G, For Fresh, Glowing Skin, With Activated Charcoal, Daily Exfoliating & Brightening Cleanser, Pollution Clear Face Wash",N/A,4.4,5K+ bought in past month,-38%,,338,N/A,"Wednesday, 15 May"
Mamaearth Rice Face Wash With Rice Water & Niacinamide For Glass Skin - 100 Ml,N/A,4.1,N/A,-17%,,215,"Amazon's
Choice","Tuesday, 14 May"
WOW Skin Science Brightening Vitamin C & Niacinamide Foaming Face Wash | For Brighter Glow | Built-in Brush for Deep Cleansing | Brightens & Evens Out Skin Tone | Face Wash for Women & Men | 150ml,N/A,4.0,2K+ bought in past month,-35%,,259,N/A,"Tuesday, 14 May"
"POND's Pure Detox, Facewash, 200G, For Fresh, Glowing Skin, With Activated Charcoal, Daily Exfoliating & Brightening Cleanser, Pollution Clear Face Wash",N/A,4.4,5K+ bought in past month,-38%,,338,N/A,"Wednesday, 15 May"
Neutrogena Deep Clean Gentle Facial Cleanser | 2x Glycerin & Cleansing Agent | Alcohol-Free | Dermatologist Tested | Normal to Oily Skin | For Men and Women | 200ml,N/A,4.3,3K+ bought in past month,-15%,,446,N/A,"Tuesday, 14 May"
Lakme Glycolic Illuminate Facewash with Glycolic Acid | Glycolic Acid Face Wash for Exfoliating Dull Skin | Gentle Cleanser for Glowing Skin 100gm,N/A,4.2,400+ bought in past month,-20%,,263,"Amazon's
Choice",
The Moms Co Natural Simple Vitamin C Face Wash for Women & Men | Clean & Glowing Skin I Oil Free Look I Orange Beads & Chemical Free I 80 ml,N/A,4.1,2K+ bought in past month,-65%,,87,"Amazon's
Choice","Tuesday, 14 May"
Khadi Natural Sandalwood & Honey Face Wash|Gentle face cleanser|Controls excess oil production|Suitable for all skin types|210 ml,N/A,4.1,2K+ bought in past month,-49%,,126,"Amazon's
Choice","Wednesday, 15 May"
"Garnier Men Turbo Bright Double Action Face Wash, Deep Cleansing Anti Pollution Face Wash with Charcoal and Vitamin C, Suitable for all Skin Types, 150g",N/A,4.3,8K+ bought in past month,-20%,,319,N/A,
Ethiglo Skin whitening Face Wash (70ml),N/A,4.2,7K+ bought in past month,N/A,,260,N/A,"Saturday, 18 May"
"Himalaya Herbals Purifying Neem Face Wash, 150ml",N/A,4.4,3K+ bought in past month,,,155,N/A,
POND'S Bright Beauty Spotless Glow Facewash with Vitamin B3 150g,N/A,4.3,N/A,-26%,,156,N/A,
"Clean & Clear Foaming Face Wash For Oily Skin, 150ml",N/A,4.4,2K+ bought in past month,-7%,,219,N/A,"Tuesday, 14 May"
"NIVEA Milk Delights Face Wash Precious Saffron For Normal Skin 100ml, 100 ml",N/A,4.2,2K+ bought in past month,-57%,,100,N/A,17 - 21 May
POND'S Bright Beauty Vit C+E+A Gel Face Wash 50ml,N/A,4.0,900+ bought in past month,-25%,,82,N/A,"Tuesday, 14 May"
"Minimalist 2% Salicylic Acid Face Wash For Oily Skin | Sulphate free, Anti Acne Face Cleanser With LHA & Zinc For Acne or Pimples | For Women & Men (100 ml (Pack of 1))",N/A,4.2,20K+ bought in past month,-59%,,284,"Amazon's
Choice",
Mamaearth Ubtan Natural Face Wash for All Skin Type with Turmeric & Saffron for Tan removal and Skin brightning 100 ml - SLS & Paraben Free,N/A,4.1,N/A,-10%,,232,N/A,"Tuesday, 14 May"
"The Face Shop Rice Water Bright Foaming Face Wash 50ml, Face Wash for Glowing Skin, Cleanser for Uneven Skin Tone, Korean Skin Care Products, Face Wash For Oily skin",N/A,4.2,4K+ bought in past month,-11%,,328,"Amazon's
Choice",
"Clean & Clear Foaming Facewash for Oily Skin, Brown, 240ml",N/A,4.4,2K+ bought in past month,-16%,,289,"Amazon's
Choice","Tuesday, 14 May"
"VLCC Anti Tan Skin Lightening Face Wash - 150ml X 2 Buy One Get One (300ml) | With Mulberry & Orange Peel Extract | Protect against Harsh Sun Damage, UVA And UVB Rays",N/A,4.2,N/A,-25%,,165,"Amazon's
Choice",
LAKMÉ 9To5 Vitamin C Facewash With Microcrystalline Beads For Refreshed & Glowing Skin 100 g,N/A,4.1,2K+ bought in past month,-40%,,149,N/A,
POND'S Bright Beauty Spotless Glow Facewash with Vitamin B3 200g,N/A,4.4,4K+ bought in past month,-38%,,215,"Amazon's
Choice",
"Lacto Calamine Face Wash For Oily Skin |100ml each- Pack of 2 | Kaolin Clay, Niacinamide & Vitamin E | Facewash Reduces Excess Oil, Controls Pimples, Blackheads & Whiteheads |Face wash For Women & Men",N/A,3.9,2K+ bought in past month,-39%,,147,N/A,
"L'Oreal Paris Glycolic Bright Daily Foaming Face Cleanser, 100ml | Glycolic Acid Face Wash for Dull Skin | Daily Glowing Facial Cleanser",N/A,4.2,N/A,-35%,,214,"Amazon's
Choice",
"Everyuth Naturals Anti Acne, Anti Marks Tulsi Turmeric Face Wash, 150gm, Tube",N/A,4.0,600+ bought in past month,-44%,,103,N/A,"Tuesday, 14 May"
"Himalaya Natural Glow Kesar Face Wash, 150ml",N/A,4.2,2K+ bought in past month,-25%,,147,"Amazon's
Choice",
"Dot & Key CICA Face Wash for Acne Prone Skin, 2% Salicylic Acid Face Wash with Green Tea | For Oily & Sensitive Skin | Sulphate Free Face Wash for Men & Women | Oil Control Face Wash with Zinc | 100ml",N/A,4.2,7K+ bought in past month,-16%,,210,N/A,
"Garnier Skin Naturals Bright Complete Vitamin C Face Wash - Vitamin C Face Wash For Brighter and Glowing Skin - Daily Cleanser Suitable For all Skin Types, 150g",N/A,4.2,5K+ bought in past month,-22%,,233,N/A,
The Derma Co 1% Kojic Acid Face Wash with Niacinamide & Alpha Arbutin For Dark Spots & Pigmentation - 100ml,N/A,4.1,5K+ bought in past month,-15%,,254,"Amazon's
Choice","Wednesday, 15 May"
"Garnier Skin Naturals Bright Complete Vitamin C Face Wash - Vitamin C Face Wash For Brighter and Glowing Skin - Daily Cleanser Suitable For all Skin Types, 100g",N/A,4.3,2K+ bought in past month,-25%,,168,"Amazon's
Choice","Tuesday, 14 May"
"Plum Green Tea Pore Cleansing Face Wash For Oily Skin | With Glycolic Acid | Fights Acne, Controls Excess Oil | Removes Dead Skin Cells | Gentle & Non-Drying | Women & Men | 100% Vegan | 100 ml",N/A,4.2,5K+ bought in past month,-12%,,242,N/A,
"Himalaya Fresh Start Oil Clear Face Wash, Lemon, 100ml",N/A,4.3,600+ bought in past month,-36%,,102,"Amazon's
Choice",
"Himalaya Herbals Purifying Neem Face Wash, 300ml – pack of 1",N/A,4.3,1K+ bought in past month,-17%,,248,N/A,
"Cetaphil Face Wash by Cetaphil, Gentle Skin Cleanser for Dry to Normal, Sensitive Skin - 250 ml| Hydrating Face Wash with Niacinamide,Vitamin B5| Dermatologist Recommended| Paraben, Sulphate Free",N/A,4.4,10K+ bought in past month,N/A,,675,N/A,"Tuesday, 14 May"
"NIVEA MEN Dark Spot Reduction Face Wash 100 g | With Ginko and Ginseng Extracts for Clean, Healthy & Clear Skin in Summer | 10 X Vitamin C Effect for Radiant Skin |For Dark Spot Reduction",N/A,4.2,4K+ bought in past month,-17%,,187,N/A,
"Nivea Men Face Wash, Oil Control For 12Hr Oil Control With 10X Vitamin C Effect, 150 ml",N/A,4.2,3K+ bought in past month,,,245,N/A,
"Cos-IQ Vitamin B3-5% Niacinamide Face Wash for Smooth and Even Skin, Tan Removal & Glowing Skin, pH Balanced & Paraben Free (30 Days Pack, 100ml)",N/A,3.9,800+ bought in past month,-40%,,149,N/A,"Tuesday, 14 May"
"Aqualogica Detan+ Smoothie Face Wash with Glycolic Acid & Cherry Tomato for Men & Women for Tan removal, Hydrates & Gentle Exfoliates -Oily, Dry, Sensitive & Combination Skin -100ml (Pack of 1)",N/A,4.0,3K+ bought in past month,-8%,,229,N/A,
"Simple Water Boost Micellar Facial Wash 150ml | 100% Soap-Free Facewash for dewy, hydrated skin| For Normal to dry skin",N/A,4.2,1K+ bought in past month,-30%,,279,N/A,"Tuesday, 14 May"
"POND's Pimple Clear, Facewash, 100G, For Glowing Skin, With Active Thymo-T Essence Formula, Helps Reduce Pimples In 3 Days, Face Wash Controls Oil, Reduces Blackheads",N/A,4.1,1K+ bought in past month,-18%,,241,N/A,
"Botanic Hearth Oat & Niacinamide cleanser Face Wash Enriched with Seabuckthorn fruit oil, Willow Bark Extract | Ideal for Sensitive Skin | For Women & Men | Sulphate & Paraben Free | 100ml",N/A,4.4,500+ bought in past month,-15%,,275,N/A,"Thursday, 16 May"
PureSense Guava Groove Face Wash with 2% Salicylic Acid | Pomegranate & Kiwi | Fights Acne and Controls Excess Oil | For Men & Women - 100ml,N/A,5.0,100+ bought in past month,-12%,,259,"Amazon's
Choice","Tuesday, 14 May"
PureSense Grapefruit Squeeze Face Wash with Glutathione + Vitamin C and Vitamin B3 | Kiwi & Kakadu Plum | Fights dullness and Reveals Radiant Glow | For Men & Women - 100ml,N/A,4.8,100+ bought in past month,-12%,,259,"Amazon's
Choice","Tuesday, 14 May"
Conscious Chemist® Salicylic Acid Face Wash For Oily Acne Prone Skin Glycolic Acid & CICA Extract | For Glowing & Radiant Skin | Vegan & Cruelty Free | 100ml,N/A,4.2,200+ bought in past month,-38%,,249,"Amazon's
Choice",
"Conscious Chemist® Pore Refining Brightening Face Wash with Niacinamide, BlueBerry & AcaiBerry Extracts | For Men & Women, Bright Clear Skin | Vegan & Cruelty Free | 100 ml",N/A,4.4,400+ bought in past month,-38%,,249,"Amazon's
Choice",
"Foxtale Hydrating Face Wash with Hyaluronic Acid, Vitamin B5 for Women, Men| Pore Cleansing, Dirt Control, Makeup Remover| Cleanser For All Skin Types| 100 ml",N/A,4.4,3K+ bought in past month,-35%,,226,"Amazon's
Choice",
"Aveeno Baby Daily Moisture Wash & Shampoo | Gentle Cleanser for Head to Toe | Tear Free & Soap Free Formula with Active Natural Oats | for Dry & Sensitive Skin | US Pediatrician Recommended, 532ml",N/A,4.6,1K+ bought in past month,-29%,,"1,100",N/A,"Tuesday, 14 May"
Parachute Advansed Baby Shampoo for Kids |Clear| Doctor Certified | Tear Free | Tender Coconut Water & Virgin Coconut Oil | Soft & Shiny Hair | 200ml,N/A,4.3,100+ bought in past month,N/A,,185,N/A,"Tuesday, 14 May"
Little's Organix Baby Shampoo 400ml | Mild & Gentle I Dermatologically Tested | Enriched wIth Organic Ingredients - Neem & Aloe Vera extracts I Free from Paraben & Phthalates,N/A,4.2,400+ bought in past month,-13%,,279,N/A,"Thursday, 16 May"
Himalaya Baby Shampoo (400 ml),N/A,4.3,10K+ bought in past month,-31%,,256,N/A,"Tuesday, 14 May"
Himalaya Baby Shampoo (400 ml),N/A,4.3,10K+ bought in past month,-31%,,256,N/A,"Tuesday, 14 May"
"Mamaearth Gentle Cleansing Natural Baby Shampoo, 400ml (White)",N/A,4.3,3K+ bought in past month,-25%,,299,"Amazon's
Choice",
Himalaya Gentle Baby Shampoo (200ml),N/A,4.4,3K+ bought in past month,-28%,,148,N/A,
"Cetaphil Baby Shampoo & Wash, White, Chamomile, 230 ml",N/A,4.5,N/A,N/A,,,N/A,
Himalaya Gentle Baby Shampoo (600ml),N/A,4.3,4K+ bought in past month,-16%,,399,N/A,"Tuesday, 14 May"
Mamaearth Gentle Cleansing Shampoo for Babies (200 ml),N/A,4.3,3K+ bought in past month,-21%,,158,"Amazon's
Choice","Tuesday, 14 May"
"Bumtum Baby Shampoo Gentle No Tears, Paraben & Sulfate Free, Derma Tested For Babies 200ml",N/A,4.1,N/A,-60%,,99,"Amazon's
Choice","Saturday, 18 May"
Sebamed Baby Shampoo 150ml|Ph 5.5| Camomile|Natural moisturisers|No tears formula|For delicate scalp,N/A,4.5,7K+ bought in past month,-16%,,377,N/A,
"Mee Mee Mild Baby Shampoo 400 ml | Mild & Gentle| Tear-Free Formula, Enriched with Olive Extracts, Nurturing for Infant Hair - From Birth Onwards, Dermatologist-Approved",N/A,4.4,2K+ bought in past month,-25%,,261,N/A,
Johnson's Baby No More Tears Baby Shampoo 500ml,N/A,4.4,1K+ bought in past month,-9%,,445,N/A,"Wednesday, 15 May"
"Aveeno Baby Daily Moisture Wash & Shampoo | Gentle Cleanser for Head to Toe | Tear Free & Soap Free Formula with Active Natural Oats | for Dry & Sensitive Skin | US Pediatrician Recommended, 532ml",N/A,4.6,1K+ bought in past month,-29%,,"1,100",N/A,"Tuesday, 14 May"
Little's Organix Baby Shampoo 400ml | Mild & Gentle I Dermatologically Tested | Enriched wIth Organic Ingredients - Neem & Aloe Vera extracts I Free from Paraben & Phthalates,N/A,4.2,400+ bought in past month,-13%,,279,N/A,"Thursday, 16 May"
Parachute Advansed Baby Shampoo for Kids |Clear| Doctor Certified | Tear Free | Tender Coconut Water & Virgin Coconut Oil | Soft & Shiny Hair | 200ml,N/A,4.3,100+ bought in past month,N/A,,185,N/A,"Tuesday, 14 May"
"The Moms Co. Tear-Free Natural Baby Shampoo| Australia-Certified Toxin-Free | Cleans & Conditions Hair | With Organic Argan Oil, Moringa Oil & Coconut-based Cleansers- 200 ml",N/A,4.3,1K+ bought in past month,-38%,,244,"Amazon's
Choice",
Spoo Shampoo Tedibar Gentle Baby Shampoo 125Ml No Tears | Gentle On Scalp | No. 1 Pediatrician Prescribed Shampoo*- By Torrent Pharma,N/A,4.5,2K+ bought in past month,N/A,,300,N/A,"Tuesday, 14 May"
Dabur Baby Gentle Nourishing Shampoo with Ayurvedic Herbs - 500 ml| 100% soap free | Dermatologically tested,N/A,4.2,800+ bought in past month,-47%,,200,N/A,
"Mother Sparsh Milky Soft Baby Shampoo - 400ml | For Daily Moisturizing | Tear Free Formula With Milk Protein, Vitamin E & Coconut Oil",N/A,4.6,2K+ bought in past month,-43%,,258,"Amazon's
Choice",
"Mamaearth Milky Soft Shampoo with Oats, Milk and Calendula for Babies (400 ml)",N/A,4.3,2K+ bought in past month,-25%,,336,N/A,
"The Moms Co. Tear-Free Natural Baby Shampoo| Australia-Certified Toxin-Free | Cleans & Conditions Hair | With Organic Argan Oil, Moringa Oil & Coconut-based Cleansers- 200 ml",N/A,4.3,1K+ bought in past month,-38%,,244,"Amazon's
Choice",
Cetaphil Baby Wash & Shampoo with Organic Calendula (400ml),N/A,4.5,3K+ bought in past month,-15%,,"1,092","Amazon's
Choice","Wednesday, 15 May"
Little's Organix Baby Shampoo 400ml | Mild & Gentle I Dermatologically Tested | Enriched wIth Organic Ingredients - Neem & Aloe Vera extracts I Free from Paraben & Phthalates,N/A,4.2,400+ bought in past month,-13%,,279,N/A,"Thursday, 16 May"
Sebamed Baby Shampoo 50ml|Ph 5.5| Camomile|Natural moisturisers|No tears formula|For delicate scalp,N/A,4.5,2K+ bought in past month,-14%,,172,"Amazon's
Choice",
"Mother Sparsh Milky Soft Baby Shampoo - 400ml | For Daily Moisturizing | Tear Free Formula With Milk Protein, Vitamin E & Coconut Oil",N/A,4.6,2K+ bought in past month,-43%,,258,"Amazon's
Choice",
"The Moms Co. Tear-Free Natural Baby Shampoo| Australia-Certified Toxin-Free | Cleans & Conditions Hair | With Organic Argan Oil, Moringa Oil & Coconut-based Cleansers- 200 ml",N/A,4.3,1K+ bought in past month,-38%,,244,"Amazon's
Choice",
"The Indi Mums Natural Baby Shampoo | Soapnut (Reetha), Shikakai & Flaxseed Oil |Tear Free & Chemical Free | Gentle On Hair & Scalp 200 ML",N/A,4.2,200+ bought in past month,-25%,,299,N/A,
"Baby Forest Nikhrae Kesh Baby Shampoo Infused With Paraben- Free | Contains 8 Ayurvedic Natural Essential Oils, Herbs, Flowers, Seeds oil & Medicinal plants | 200ml",N/A,3.9,100+ bought in past month,-5%,,755,N/A,"Wednesday, 15 May"
Johnson's Baby No More Tears Baby Shampoo 200ml,N/A,4.4,800+ bought in past month,-5%,,175,N/A,"Tuesday, 14 May"
"Mee Mee Gentle Baby Shampoo 200ml | Tear-Free, Hypoallergenic, Sulphate and Paraben-Free | Enriched with Fruit Extracts | Ideal for Nourishing Baby's Hair (Single Pack)",N/A,4.4,400+ bought in past month,-28%,,144,"Amazon's
Choice","Tuesday, 14 May"
"Bumtum Baby Shampoo Gentle No Tears For Babies/Child/Kids, Paraben & Sulfate Free, Derma Tested (400ml, 0-5 Years)",N/A,4.8,50+ bought in past month,-50%,,199,N/A,"Friday, 17 May"
Spoo Shampoo Tedibar Gentle Baby Shampoo 125Ml No Tears | Gentle On Scalp | No. 1 Pediatrician Prescribed Shampoo*- By Torrent Pharma,N/A,4.5,2K+ bought in past month,N/A,,300,N/A,"Tuesday, 14 May"
"Chicco Baby Moments Shampoo for Tear-Free Bath times, New Advanced formula with Natural Ingredients, Suitable for baby’s tangle Free, smooth hair, No Phenoxyethanol and Parabens (500ml)",N/A,4.4,N/A,-10%,,494,N/A,"Tuesday, 14 May"
"Mother Sparsh Milky Soft Baby Shampoo - 200ml | For Daily Moisturizing | Tear Free Formula With Milk Protein, Vitamin E & Coconut Oil",N/A,4.6,N/A,-30%,,185,N/A,
"Mothercare All We Know Baby Shampoo (300ml, Pack of 2)",N/A,4.4,200+ bought in past month,-13%,,523,N/A,
Dabur Baby Gentle Nourishing Shampoo with Ayurvedic herbs| 100% soap free | Dermatologically tested - 200 ml,N/A,4.2,200+ bought in past month,-15%,,144,"Amazon's
Choice",
SPOO Tedibar Gentle Baby Shampoo 200Ml No Tears Gentle On Scalp No.1 Pediatrician Prescribed Shampoo*- By Torrent Pharma,N/A,4.6,2K+ bought in past month,-7%,,429,"Amazon's
Choice","Wednesday, 15 May"
Himalaya Gentle Baby Shampoo (100ml),N/A,4.3,200+ bought in past month,N/A,,105,N/A,"Wednesday, 15 May"
"Mamaearth Coco Soft Shampoo with Coconut Milk & Turmeric, for babies, for Gentle Cleansing - 400 ml",N/A,4.2,500+ bought in past month,-10%,,404,"Amazon's
Choice","Tuesday, 14 May"
"Mother Sparsh Plant Powered Natural Baby Shampoo With Vanilla Oil, Vitamin E & Coconut Oil | Nourishes Baby's Scalp & Hair - 200ml",N/A,4.3,200+ bought in past month,-29%,,275,"Amazon's
Choice",
"Mothercare All We Know Baby Shampoo, 300ml",N/A,4.4,N/A,-8%,,274,N/A,
"Chicco Baby Moments Shampoo for Tear-Free Bath Times, New Advanced Formula with Natural Ingredients, Suitable for Baby’s Tangle Free, Smooth Hair, No Phenoxyethanol and Parabens (100ml)",N/A,4.4,300+ bought in past month,-10%,,125,N/A,"Tuesday, 14 May"
"Softsens Baby TEAR FREE Shampoo | Mild, Hypoallergenic , Paraben & Sufate Free (200ml x Pack of 2)",N/A,4.2,100+ bought in past month,-25%,,263,N/A,
"Aveeno Baby Daily Moisture Wash & Shampoo | Gentle Cleanser for Head to Toe | Tear Free & Soap Free Formula with Active Natural Oats | for Dry & Sensitive Skin | US Pediatrician Recommended, 532ml",N/A,4.6,1K+ bought in past month,-29%,,"1,100",N/A,"Tuesday, 14 May"
"The Moms Co. Tear-Free Natural Baby Shampoo| Australia-Certified Toxin-Free | Cleans & Conditions Hair | With Organic Argan Oil, Moringa Oil & Coconut-based Cleansers- 400 ml",N/A,4.5,300+ bought in past month,-38%,,434,"Amazon's
Choice","Wednesday, 15 May"
"Maate Baby Shampoo for Kids (250 ml) | With Shikakai, Amla & Cabbage Rose | Deep Cleanses, & Nourishes Scalp & Hair | Tear Free & Chemical Free |",N/A,4.2,50+ bought in past month,-7%,,650,N/A,
Mee Mee Baby Shampoo - Tender Cleaning Infused with Fruit Extracts | Tear-Free Formula | Hypoallergenic | Healthy and Glossy Hair | Free from Artificial Preservatives | Ideal for Newborns | 100ml,N/A,4.4,50+ bought in past month,-10%,,89,N/A,16 - 17 May
"Cipla Health Mamaxpert Baby Shampoo 400Ml | Gentle Baby Shampoo for Hair & Scalp | No tears formula | Free from Paraben, Sulphates, Toxins| 0-5 Years",N/A,4.0,50+ bought in past month,-30%,,300,N/A,"Wednesday, 15 May"
"Johnson's Baby No More Tears Shampoo, 100ml",N/A,4.4,100+ bought in past month,-35%,,68,N/A,"Saturday, 18 May"
"Chicco No-tears Shampoo for Soft and Tangle-free Baby Hair, Dermatologically tested, Paraben free (500 ml)",N/A,4.4,N/A,-31%,,378,"Amazon's
Choice","Wednesday, 15 May"
"Baby Forest Nikhrae Kesh Baby Shampoo Infused With Paraben- Free | Contains 8 Ayurvedic Natural Essential Oils, Herbs, Flowers, Seeds oil & Medicinal plants | 200ml",N/A,3.9,100+ bought in past month,-5%,,755,N/A,"Wednesday, 15 May"
"Cetaphil Baby Shampoo, 200 ml",N/A,4.4,700+ bought in past month,N/A,,748,N/A,"Tuesday, 14 May"
"Mother Sparsh Plant Powered Natural Baby Shampoo With Vanilla Oil, Vitamin E & Coconut Oil | Nourishes Baby's Scalp & Hair - 400ml",N/A,4.3,50+ bought in past month,-39%,,427,N/A,"Tuesday, 14 May"
Parachute Advansed Baby Shampoo for Kids |Clear| Doctor Certified | Tear Free | Tender Coconut Water & Virgin Coconut Oil | Soft & Shiny Hair | 200ml,N/A,4.3,100+ bought in past month,N/A,,185,N/A,"Tuesday, 14 May"
CETAPHIL Baby Daily Lotion (400ml) And Cetaphil Baby Gentle Wash And Shampoo (230ml) Combo,N/A,4.6,100+ bought in past month,-9%,,"1,479","Amazon's
Choice","Tuesday, 14 May"
"Burt'S Bees Baby Bee Shampoo & Wash, 21 Fl Oz",N/A,4.6,N/A,-25%,,"2,999",N/A,"Friday, 17 May"
"Johnson's Baby No More Tears Shampoo, 475ml",N/A,4.2,50+ bought in past month,-2%,,589,N/A,"Thursday, 16 May"
Khadi Natural baby Shampoo With Rice & Triphala | Hypoallergenic & Tear Free | Baby Care | 0-5 years | pH Balanced| Gentle Shampoo for Babies | 200 ml,N/A,3.9,100+ bought in past month,-40%,,209,N/A,"Tuesday, 14 May"
"Cetaphil Baby Shampoo & Wash, White, Chamomile, 230 ml",N/A,4.5,N/A,N/A,,,N/A,
"Mustela Gentle Baby Shampoo, White, 200ml",N/A,4.4,200+ bought in past month,-10%,,680,N/A,
"Mamaearth Gentle Cleansing Natural Baby Shampoo, 400ml (White)",N/A,4.3,3K+ bought in past month,-25%,,299,"Amazon's
Choice",
"Softsens Baby TEAR FREE Shampoo | Mild, Hypoallergenic , Paraben & Sufate Free (200ml x Pack of 2)",N/A,4.2,100+ bought in past month,-25%,,263,N/A,
Spoo Shampoo Tedibar Gentle Baby Shampoo 125Ml No Tears | Gentle On Scalp | No. 1 Pediatrician Prescribed Shampoo*- By Torrent Pharma,N/A,4.5,2K+ bought in past month,N/A,,300,N/A,"Tuesday, 14 May"
"CITTA Natural Gentle Tear-free Foaming Baby Shampoo for new born & Kids with Coconut Oil, Olive Oil and Oats | For delicate scalp | Promote hair growth | 150 ml",N/A,4.3,N/A,,,759,N/A,
Little's Organix Baby Shampoo 400ml | Mild & Gentle I Dermatologically Tested | Enriched wIth Organic Ingredients - Neem & Aloe Vera extracts I Free from Paraben & Phthalates,N/A,4.2,400+ bought in past month,-13%,,279,N/A,"Thursday, 16 May"
"Garnier Skin Naturals, Bright Complete 30X Vitamin C Booster Face Serum, Increases Skin's Glow Instantly and Reduces Spots Overtime, with 2% Niacinamide + 0.5% Salicylic Acid, for Men & Women, 30 ml",N/A,4.0,N/A,-37%,,389,N/A,
"The Derma Co 10% Vitamin C Face Serum with Vitamin C, 5% Niacinamide & Hyaluronic Acid for Skin Radiance - 30ml",N/A,4.0,7K+ bought in past month,-10%,,583,N/A,
"WOW Skin Science Brightening 20% Vitamin C Face Serum | Boost Collagen and Elastin for Anti aging, Skin Repair | For Dark Circles, Fine Lines | Glowing Skin | Hydrates | 30 ml",N/A,3.9,3K+ bought in past month,-68%,,226,N/A,"Tuesday, 14 May"
"The Derma Co 10% Niacinamide Face Serum For Acne Marks & Acne Prone Skin For Unisex, 10ml (Dermaco)",N/A,4.1,8K+ bought in past month,-15%,,212,"Amazon's
Choice","Tuesday, 14 May"
"Garnier Skin Naturals, Bright Complete 30X Vitamin C Booster Face Serum, Increases Skin's Glow Instantly and Reduces Spots Overtime, with 2% Niacinamide + 0.5% Salicylic Acid, for Men & Women, 30 ml",N/A,4.0,N/A,-37%,,389,N/A,
"Mamaearth Vitamin C Daily Glow Face Serum for Men & Women - Vitamin C Serum for Glowing Skin, Oily Skin & Dark Spots, With 50x Vitamin C -10ml",N/A,4.0,3K+ bought in past month,-10%,,202,N/A,"Tuesday, 14 May"
"The Derma Co 10% Niacinamide Face Serum For Acne Marks & Acne Prone Skin For Unisex, 10ml (Dermaco)",N/A,4.1,8K+ bought in past month,-15%,,212,"Amazon's
Choice","Tuesday, 14 May"
"The Derma Co 10% Vitamin C Face Serum with Vitamin C, 5% Niacinamide & Hyaluronic Acid for Skin Radiance - 30ml",N/A,4.0,7K+ bought in past month,-10%,,583,N/A,
"The Derma Co 10% Niacinamide Face Serum For Acne Marks & Acne Prone Skin For Unisex, 10ml (Dermaco)",N/A,4.1,8K+ bought in past month,-15%,,212,"Amazon's
Choice","Tuesday, 14 May"
"Foxtale 15% Vitamin C Face Serum for Glowing Skin | Pure L-Ascorbic Acid and Vitamin E | Brightening Serum for Dark Spots,Dull Skin,Uneven Skin Tone | All Skin Types | 30 ml",N/A,4.0,N/A,-35%,,386,N/A,"Tuesday, 14 May"
"Garnier Skin Naturals, Bright Complete 30X Vitamin C Booster Face Serum, Increases Skin's Glow Instantly and Reduces Spots Overtime, with 2% Niacinamide + 0.5% Salicylic Acid, for Men & Women, 30 ml",N/A,4.0,N/A,-37%,,389,N/A,
Pond's Bright Beauty Anti-Pigmentation Serum 14ml,N/A,3.9,2K+ bought in past month,-40%,,149,N/A,"Tuesday, 14 May"
Plum 10% Niacinamide Face Serum | with Rice Water & Squalane| Brightens Skin | Clears Blemishes | Suits All Skin Types | Fragrance-Free | 10 ml,N/A,4.1,3K+ bought in past month,-20%,,198,"Amazon's
Choice",
"Minimalist 10% Niacinamide Face Serum for Acne Marks, Blemishes & Oil Balancing with Zinc | Skin Clarifying Anti Acne Serum for Oily & Acne Prone Skin (30 ml (Pack of 1))",N/A,4.2,10K+ bought in past month,-5%,,569,N/A,
Mamaearth Beetroot Hydraful Essence Serum - 50 ml For Hydrated Pink Glow with Beetroot & 1% Hyaluronic Acid Complex Face Serum | Upto 92% Instant Hydration | For Daily Smooth,N/A,4.8,N/A,-25%,,373,N/A,"Tuesday, 14 May"
Biotique Dandelion Youth Anti-Ageing Serum| Ayurvedic and Organically Pure| Anti-Ageing Serum for Men & Women| Reduces Fine Lines & Wrinkles |100% Botanical Extracts| All Skin Types | 40ml,N/A,4.0,2K+ bought in past month,-28%,,165,N/A,
"COSRX Snail Mucin 96% Power Repairing Essence 3.38 fl.oz 100ml, Hydrating Serum for Face with Snail Secretion Filtrate for Dull Skin & Fine Lines, Korean Skincare",N/A,4.3,10K+ bought in past month,-33%,,969,"Amazon's
Choice","Tuesday, 14 May"
"DOT & KEY Dot&Key 10% Vitamin C + E,5% Niacinamide Serum|Vitamin C Serum For Glowing Skin|Fades Pigmentation & Dark Spots|Vit C Serum With Blood Orange&Pumpkin|For Uneven&Dull Skin,All Skin Types|20Ml",N/A,4.0,2K+ bought in past month,-13%,,435,N/A,
"Plum 15% Vitamin C Face Serum For Glowing Skin | Reduces Dark Spots | For Dull Skin | With Mandarin | Beginner Friendly, For All Skin Types | 100% Vegan | 10 ml",N/A,4.1,3K+ bought in past month,-10%,,270,N/A,"Sunday, 19 May"
Himalaya Dark Spot Clearing Turmeric Face Serum | Organically sourced Turmeric | Reduce dark spots in 7 days | 10% Glycolic Acid & 2% Niacinamide | 30ml,N/A,3.7,2K+ bought in past month,-30%,,349,N/A,"Wednesday, 15 May"
"Minimalist 2% Alpha Arbutin Serum for Pigmentation & Dark Spots Removal | Anti-pigmentation Face Serum For Men & Women with Hyaluronic Acid to Remove Blemishes, Acne Marks & Tanning | 30 ml",N/A,4.1,7K+ bought in past month,-5%,,521,"Amazon's
Choice",
"The Derma Co 2% Kojic Acid Face Serum With 1% Alpha Arbutin & Niacinamide For Dark Spots & Pigmentation, 30ml",N/A,3.9,9K+ bought in past month,-10%,,448,N/A,
"L'Oreal Paris Instant Glowing Serum, 1% Glycolic Acid, 2% Niacinamide Serum, Visibly Minimizes Spots, Reveals Even Skin Tone, Glycolic Bright Skin, 30ml",N/A,4.1,3K+ bought in past month,-40%,,449,"Amazon's
Choice",
"WOW Skin Science Brightening 20% Vitamin C Face Serum | Boost Collagen and Elastin for Anti aging, Skin Repair | For Dark Circles, Fine Lines | Glowing Skin | Hydrates | 30 ml",N/A,3.9,3K+ bought in past month,-68%,,226,N/A,"Tuesday, 14 May"
"The Derma Co 10% Vitamin C Face Serum with Vitamin C, 5% Niacinamide & Hyaluronic Acid for Skin Radiance - 30ml",N/A,4.0,7K+ bought in past month,-10%,,583,N/A,
Pilgrim 2% Kojic Acid Serum for face (30 ml) with 1% Alpha Arbutin & Korean White Lotus For Acne & Darks spots| Anti-pigmentation Face Serum For Men & Women | For All Skin Types,N/A,4.7,700+ bought in past month,-20%,,395,"Amazon's
Choice","Wednesday, 15 May"
"Foxtale 15% Vitamin C Face Serum for Glowing Skin | Pure L-Ascorbic Acid and Vitamin E | Brightening Serum for Dark Spots,Dull Skin,Uneven Skin Tone | All Skin Types | 30 ml",N/A,4.0,N/A,-35%,,386,N/A,"Tuesday, 14 May"
"Gabit 20% Vitamin C Face Serum for Glowing Skin | Brightening Serum for Dark Spots, Dull Skin, Tanned Skin | Improves Wrinkles | Hyaluronic, Ferulic, CiCa, Prebiotic, Probiotic | Oil & PEG free |20 ml",N/A,4.1,N/A,N/A,,620,N/A,"Wednesday, 15 May"
PILGRIM Korean 0.5% Retinol & 1% Hyaluronic Acid Lift & Firm Anti Aging Serum | Retinol serum for face| Reduce Fine Lines & Wrinkles|For Men & Women |All Skin Types|30ml,N/A,4.1,1K+ bought in past month,-20%,,519,N/A,
"Garnier Skin Naturals, Bright Complete 30X Vitamin C Booster Face Serum, Increases Skin's Glow Instantly and Reduces Spots Overtime, with 2% Niacinamide + 0.5% Salicylic Acid, for Men & Women, 15 ml",N/A,4.0,3K+ bought in past month,N/A,,249,N/A,"Wednesday, 15 May"
"LAKMÉ 9To5 Vitamin C+ Facial Serum with 98% Pure Vitamin C complex, for Healthy, glowing skin, 30ml",N/A,4.0,1K+ bought in past month,-41%,,352,"Amazon's
Choice",
Minimalist 10% Vitamin C Face Serum for Glowing Skin (Formulated & Tested For Sensitive Skin) | Non Irritating | Non Sticky | Brightening Vit C Formula For Men and Women | 30 ml (30 ml),N/A,4.1,8K+ bought in past month,-5%,,664,"Amazon's
Choice",
Lotus Herbals WhiteGlow Vitamin C and Gold Radiance Face Serum | Reduces Dark Spots | Enriched with Vitamin C & Gold | | 100x More Vitamin C | Smoothens Skin | Boosts Radiance | Paraben-Free | 30ml,N/A,4.3,2K+ bought in past month,-30%,,367,"Amazon's
Choice",
"Swiss Beauty 24 K Gold Face Serum, 100ml",N/A,3.9,300+ bought in past month,-7%,,314,N/A,"Wednesday, 15 May"
"Foxtale 5% Niacinamide Face Serum with Olive Leaf Extract & Propanediol | For Oil Control & Brightening | Blurs Pores Instantly, Lightweight & Non-sticky | All Skin Types, Men & Women | 5ml",N/A,4.5,100+ bought in past month,-50%,,50,N/A,"Wednesday, 15 May"
"Minimalist 5% Niacinamide Face Serum for Clear Glowing Skin, Reduces Dullness, Hydrates & Repairs Skin with Vit B3 & Hyaluronic Acid, Day & Night Serum for Dry & Sensitive Skin, For Women & Men,30 ml",N/A,4.2,4K+ bought in past month,-5%,,569,N/A,
PILGRIM Korean 0.5% Retinol & 1% Hyaluronic Acid Lift & Firm Anti Aging Serum | Retinol serum for face| Reduce Fine Lines & Wrinkles|For Men & Women |All Skin Types|30ml,N/A,4.1,1K+ bought in past month,-20%,,519,N/A,
L'Oréal Paris Revitalift 1.5% HYALURONIC ACID SERUM 30ml,N/A,4.2,3K+ bought in past month,-40%,,599,"Amazon's
Choice",
"Lakme 6% Vitamin E, Niacinamide, Vitamin F & Pro-Ceramides Dew Drama Serum for improved Skin Barrier & Dewy, Radiant Skin, 15ml",N/A,4.3,200+ bought in past month,-16%,,209,N/A,"Wednesday, 15 May"
"Dr Batra's Skin Fairness Serum, For Bright Skin & Complexion, Glowing & Healthy Skin, Silicone & Hydroquinone free, Suitable for all skin (50 ml)",N/A,3.7,300+ bought in past month,-74%,,170,N/A,"Wednesday, 15 May"
"Minimalist 16% Vitamin C Face Serum (Advanced) With Vit E, & Ferulic Acid For Glowing Skin | Advanced Brightening Formula With Power of Vit C & E, Ferulic Acid & Fullerenes | 20ml",N/A,4.1,5K+ bought in past month,-5%,,569,"Amazon's
Choice",
"The Man Company 40% Vitamin C Face Serum With Hyaluronic Acid | Boosts Collagen | Glowing & Brightening Skin | Soft, Smooth & Supple | All Skin Types - 30ml",N/A,4.0,2K+ bought in past month,-30%,,349,N/A,
Nourish Mantra Glow Serum | Face Serum | Vitamin C & Vitamin E | No Parabens & Sulphates | Glow serum for oily & dry skin - 30 ml,N/A,4.4,50+ bought in past month,-25%,,449,N/A,"Tuesday, 14 May"
"DOT & KEY Dot&Key 10% Vitamin C + E,5% Niacinamide Serum|Vitamin C Serum For Glowing Skin|Fades Pigmentation & Dark Spots|Vit C Serum With Blood Orange&Pumpkin|For Uneven&Dull Skin,All Skin Types|20Ml",N/A,4.0,2K+ bought in past month,-13%,,435,N/A,
"Plum 5% Niacinamide Face Serum for Clear, Bright Skin | Fades Blemishes & Dark Spots| With Rice Water |Lightweight| Beginner Friendly | All Skin Types| Women & Men | Fragrance-Free | 100% Vegan | 30 ml",N/A,4.3,2K+ bought in past month,-8%,,549,N/A,
"Minimalist 2% Hyaluronic Acid + PGA Serum for Intense Hydration, Glowing Skin & Fine Lines | Daily Hydrating Face Serum For Women & Men with Dry, Normal & Oily Skin | 30 ml",N/A,4.3,3K+ bought in past month,-5%,,569,"Amazon's
Choice",
"Dot & Key Hydrating Hyaluronic Acid Serum With Vitamin C + E | For Plump, Glowing Skin | Face Serum for Dry Skin, Oily & Normal Skin | With Ceramide & Acai Berry | 30ml",N/A,4.2,1K+ bought in past month,-30%,,466,N/A,
"Lakme 8% AHA-BHA-PHA+ Complex Lumi Smooth Serum for Luminous Skin & Improved, Smooth Skin Texture, 15ml",N/A,4.3,300+ bought in past month,-24%,,189,"Amazon's
Choice","Wednesday, 15 May"
The Derma Co 2% Salicylic Acid Serum with Witch Hazel & Willow Bark for Active Acne - 30 ml,N/A,4.1,5K+ bought in past month,-10%,,448,N/A,
Deconstruct 10% Vitamin C Face Serum For Glowing Skin | Beginner Friendly Vit C Serum With Pure 3-O-Ethyl Ascorbic Acid & Ferulic Acid | Highly Effective Yet Gentle (Non Irritating) - 20 Ml,N/A,4.8,500+ bought in past month,-15%,,440,N/A,"Saturday, 18 May"
"Biotique Vitamin C Dark Spot Solution Serum 30ml | Brightening, Radiant Skin, Reduce Pigmentation |All Skin Tone | SLS & Paraben Free",N/A,4.0,1K+ bought in past month,-34%,,372,N/A,
"Lacto Calamine 2% Salicylic Acid Serum | 30ml | Face Serum For Acne, Blackheads, Oil control & Open Pores | Serum For Clear Skin | Face Serum for Women & Men | Dermatologically Tested & Fragrance Free",N/A,4.0,1K+ bought in past month,-40%,,299,"Amazon's
Choice","Wednesday, 15 May"
"Cos-IQ 5% Niacinamide Face Serum for Clear Glowing Skin, Reduces Dullness, Hydrates & Repairs Skin with Vit B3 & Hyaluronic Acid, Day & Night Serum | For Women & Men | 30ml",N/A,3.9,600+ bought in past month,-60%,,199,N/A,"Wednesday, 15 May"
The Derma Co 5% Niacinamide Daily Face Serum with Alpha Arbutin & Multivitamin for Clear & Spotless Skin - 30ml,N/A,4.1,1K+ bought in past month,-10%,,448,N/A,
"mCaffeine Green Tea Hydrating Face Serum for Glowing Skin with Vitamin C & Hyaluronic Acid | Reduces Dark Spots, Pigmentation & Prevents Sun Damage | For Men & Women | 72 Hrs Hydration | 40ml",N/A,4.1,300+ bought in past month,-17%,,518,N/A,
"Minimalist Multi Peptide Night Face Serum for Ageless Younger Skin, 30 ml | Collagen Boosting, Hydrating & Overnight Repair Serum for Women & Men with 7% Matrixyl 3000 & 3% Bio-Placenta",N/A,4.3,1K+ bought in past month,-5%,,664,"Amazon's
Choice",
"RENEE Snail 99 Mucin Serum for Face - Contains 99% Snail Secretion Filtrate & Hyaluronic Acid - Intense Hydration, Blemishes, Wrinkles & Spot Correction, Anti Ageing, Skin Firming - All Skin Types",N/A,4.8,700+ bought in past month,-13%,,649,N/A,"Wednesday, 15 May"
"ENN LITT UP Ubtan Oil-free Brightening Serum for Face Glowing & Whitening, With Turmeric & Saffron for Skin Radiance, Reduces Hyper Pigmentation, Lightweight Anti-Ageing Seerum for Women & Men, 15ml",N/A,4.3,50+ bought in past month,-35%,,226,"Amazon's
Choice","Tuesday, 14 May"
"L'SENSA 7 in1 Youth Complex™ Vitamin C Serum with Hyaluronic Acid, Niacinamide,Tripeptide-5, Ferulic Acid, Vitamin-E for Anti-Ageing, Anti-Wrinkle and Anti-Spots| For All Skin Types - 10ml",N/A,4.8,50+ bought in past month,-51%,,439,N/A,"Wednesday, 15 May"
The Derma Co Sali-Cinamide Anti-Acne Face Serum with 2% Salicylic Acid & 5% Niacinamide for Acne & Acne Marks - 30ml,N/A,4.1,2K+ bought in past month,-10%,,538,N/A,
"Ustraa 20% Vitamin C Face Serum, 30ml with Hyaluronic Acid & 20% Vitamin C in the Purest form, Anti-Aging, Fights Dark Spots, Radiant Skin, Brightening, Hydration",N/A,4.0,100+ bought in past month,-41%,,474,"Amazon's
Choice",
"Lakme 6% Vitamin E, Niacinamide, Vitamin F & Pro-Ceramides Dew Drama Serum for improved Skin Barrier & Dewy, Radiant Skin, 15ml",N/A,4.3,200+ bought in past month,-16%,,209,N/A,"Wednesday, 15 May"
PILGRIM Niacinamide 5% + Alpha Arbutin 1% Skin Clarifying Serum for acne & acne marks | All Skin Types | For Men & Women | Korean Skin Care | Vegan & Cruelty-free | 30ml,N/A,4.1,400+ bought in past month,-28%,,498,"Amazon's
Choice",
"Foxtale 3% Tranexamic Acid & Peptide Serum for Pigmentation | Reduces Marks & Hyperpigmentation | Even Out Skin Tone | All Skin Types | Men and Women, 30 ml",N/A,4.1,2K+ bought in past month,-35%,,386,N/A,
Himalaya Dark Spot Clearing Turmeric Face Serum | Organically sourced Turmeric | Reduce dark spots in 7 days | 10% Glycolic Acid & 2% Niacinamide | 30ml,N/A,3.7,2K+ bought in past month,-30%,,349,N/A,"Wednesday, 15 May"
"The Derma Co 10% Vitamin C Face Serum with Vitamin C, 5% Niacinamide & Hyaluronic Acid for Skin Radiance - 30ml",N/A,4.0,7K+ bought in past month,-10%,,583,N/A,
"Foxtale 15% Vitamin C Face Serum for Glowing Skin | Pure L-Ascorbic Acid and Vitamin E | Brightening Serum for Dark Spots,Dull Skin,Uneven Skin Tone | All Skin Types | 30 ml",N/A,4.0,N/A,-35%,,386,N/A,"Tuesday, 14 May"
"Foxtale 3% Tranexamic Acid & Peptide Serum for Pigmentation | Reduces Marks & Hyperpigmentation | Even Out Skin Tone | All Skin Types | Men and Women, 30 ml",N/A,4.1,2K+ bought in past month,-35%,,386,N/A,
"Gabit 8% Vitamin C Face Serum for Glowing Skin | Brightening Serum for Dark Spots, Dull Skin, Uneven Skin Tone | Boosts Collagen Production | All Skin Types |30 ml",N/A,4.1,100+ bought in past month,-10%,,585,N/A,"Wednesday, 15 May"
